{
  "CX": 2759.1,
  "CY": 2759.1,
  "SHORT_SCALE": 0.8089887640449438,
  "LONG_SCALE_MIN": 0.8089887640449438,
  "SHORT_SCALE_MAX": 1.2361111111111112
}